,0,1,2,3,4,5,6
0,93,395,0,0,75,3,2
1,93,395,7,7,75,0,1
2,86,388,7,7,80,0,1
3,79,381,7,7,85,0,1
4,72,374,7,7,90,0,1
5,65,367,7,7,95,0,1
6,58,360,7,7,100,0,1
7,51,353,7,7,105,0,1
8,44,346,7,7,110,0,1
9,37,339,7,7,115,0,1
10,30,332,7,7,120,0,1
11,23,325,7,7,125,0,-1
12,16,318,7,7,120,0,1
13,9,311,7,7,125,0,-1
14,2,304,2,7,120,0,1
15,0,297,-7,7,125,0,-1
16,7,290,-7,7,120,0,-1
17,14,283,-7,7,115,0,-1
18,21,276,-7,7,110,0,-1
19,28,269,-7,7,105,0,-1
20,35,262,-7,7,100,0,-1
21,42,255,-7,7,95,0,-1
22,49,248,-7,7,90,0,-1
23,56,241,-7,7,85,0,-1
24,63,234,-7,7,80,0,-1
25,70,227,-7,7,75,0,-1
26,77,220,-7,7,70,0,-1
27,84,213,-7,7,65,0,1
28,91,206,-7,7,70,0,1
29,98,199,-7,7,75,2,1
30,105,192,-7,7,80,2,1
31,112,185,-7,7,85,2,1
32,119,178,-7,7,90,2,1
33,126,171,-7,7,95,2,1
34,133,164,-7,7,100,2,1
35,140,157,-7,7,105,2,1
36,147,150,-7,7,110,2,1
37,154,143,-7,7,115,2,1
38,161,136,-7,7,120,2,1
39,168,129,-7,7,125,2,1
40,175,122,-7,7,130,2,1
41,182,115,-7,7,135,2,1
42,189,108,-6,7,140,2,1
43,195,101,7,7,145,2,1
44,188,94,7,7,150,2,-1
45,181,87,6,7,145,2,-1
46,175,80,-7,7,140,2,1
47,182,73,-7,7,145,2,1
48,189,66,-6,7,150,2,1
49,195,59,7,7,155,2,1
50,188,52,7,7,160,2,-1
51,181,45,7,7,155,2,-1
52,174,38,7,7,150,2,-1
53,167,31,7,7,145,2,-1
54,160,24,7,7,140,2,-1
55,153,17,7,7,135,2,-1
56,146,10,7,7,130,2,-1
57,139,3,7,3,125,0,-1
58,132,0,7,-7,120,0,-1
59,125,7,7,-7,115,0,-1
60,118,14,7,-7,110,0,-1
61,111,21,7,-7,105,0,-1
62,104,28,7,-7,100,0,-1
63,97,35,7,-7,95,2,-1
64,90,42,7,-3,90,2,-1
65,83,45,7,7,85,2,-1
66,76,38,7,7,80,0,-1
67,69,31,7,7,75,0,-1
68,62,24,7,7,70,0,-1
69,55,17,7,7,65,0,-1
70,48,10,7,7,60,0,-1
71,41,3,7,3,55,0,-1
72,34,0,7,-7,50,0,1
73,27,7,7,-7,55,0,-1
74,20,14,7,-7,50,0,-1
75,13,21,7,-7,45,0,-1
76,6,28,6,-7,40,0,-1
77,0,35,-7,-7,35,0,-1
78,7,42,-7,-7,30,0,-1
79,14,49,-6,-6,25,0,1
80,20,55,7,7,30,0,-1
81,13,48,7,7,25,0,-1
82,6,41,6,7,20,0,-1
83,0,34,-7,7,15,0,-1
84,7,27,-7,7,10,1,-1
85,14,20,-7,7,5,1,-1
86,21,13,-7,7,0,1,1
87,28,6,-7,6,5,1,1
88,35,0,-7,-7,10,1,1
89,42,7,-7,-7,15,1,-1
90,49,14,-7,-7,10,1,1
91,56,21,-7,-7,15,0,-1
92,63,28,-7,-7,10,0,1
93,70,35,-7,-7,15,0,-1
94,77,42,-7,-7,10,0,1
95,84,49,-7,-6,15,0,-1
96,91,55,-7,7,10,0,1
97,98,48,-7,7,15,0,1
98,105,41,-7,7,20,0,1
99,112,34,-7,7,25,0,1
100,119,27,-7,7,30,0,1
101,126,20,-7,7,35,0,1
102,133,13,-7,7,40,0,1
103,140,6,-7,6,45,0,1
104,147,0,-7,-7,50,0,1
105,154,7,-7,-7,55,1,1
106,161,14,-7,-7,60,1,1
107,168,21,-7,-7,65,1,1
108,175,28,-7,-7,70,1,1
109,182,35,-7,-7,75,1,1
110,189,42,-6,-7,80,3,1
111,195,49,7,-7,85,3,-1
112,188,56,7,-7,80,3,1
113,181,63,6,-7,85,0,1
114,175,70,-7,-7,90,0,1
115,182,77,-7,-7,95,0,-1
116,189,84,-6,-7,90,0,-1
117,195,91,7,-7,85,0,-1
118,188,98,7,-7,80,0,1
119,181,105,7,-7,85,2,1
120,174,112,7,-7,90,2,1
121,167,119,7,-7,95,2,1
122,160,126,7,-7,100,2,1
123,153,133,7,-7,105,2,1
124,146,140,7,-7,110,3,1
125,139,147,7,-7,115,3,1
126,132,154,7,-7,120,3,-1
127,125,161,7,-7,115,3,-1
128,118,168,7,-7,110,3,-1
129,111,175,7,-7,105,3,-1
130,104,182,7,-7,100,3,-1
131,97,189,7,-7,95,3,-1
132,90,196,7,-7,90,2,-1
133,83,203,7,-7,85,2,-1
134,76,210,7,-7,80,2,-1
135,69,217,7,-7,75,2,-1
136,62,224,7,-7,70,2,-1
137,55,231,7,-7,65,2,-1
138,48,238,7,-7,60,2,-1
139,41,245,7,-7,55,2,-1
140,34,252,7,-7,50,3,-1
141,27,259,7,-7,45,3,-1
142,20,266,7,-7,40,3,-1
143,13,273,7,-7,35,3,-1
144,6,280,6,-7,30,3,-1
145,0,287,-7,-7,25,3,-1
146,7,294,-7,-7,20,3,1
147,14,301,-7,-7,25,1,1
148,21,308,-7,-7,30,1,1
149,28,315,-7,-7,35,1,1
150,35,322,-7,-7,40,3,1
151,42,329,-7,-7,45,3,1
152,49,336,-7,-7,50,3,1
153,56,343,-7,-7,55,1,1
154,63,350,-7,-7,60,1,1
155,70,357,-7,-7,65,1,1
156,77,364,-7,-7,70,1,1
157,84,371,-7,-7,75,1,1
158,91,378,-7,-7,80,1,1
159,98,385,-7,-7,85,1,1
160,105,392,-7,-3,90,1,1
161,112,395,-10,7,95,1,1
162,122,388,-10,7,100,1,1
163,132,381,-10,7,105,1,1
164,142,374,-10,7,110,1,1
165,152,367,-10,7,115,1,1
166,162,360,-10,7,120,1,1
167,172,353,-10,7,125,1,1
168,182,346,-10,7,130,1,1
169,192,339,-3,7,135,1,1
170,195,332,10,7,140,1,1
171,185,325,10,7,145,1,-1
172,175,318,10,7,140,1,-1
173,165,311,10,7,135,1,-1
174,155,304,10,7,130,1,-1
175,145,297,10,7,125,1,-1
176,135,290,10,7,120,1,-1
177,125,283,10,7,115,1,-1
178,115,276,10,7,110,1,-1
179,105,269,10,7,105,1,-1
180,95,262,10,7,100,1,-1
181,85,255,10,7,95,3,-1
182,75,248,10,7,90,3,-1
183,65,241,10,7,85,3,-1
184,55,234,10,7,80,3,-1
185,45,227,10,7,75,3,-1
186,35,220,10,7,70,3,-1
187,25,213,10,7,65,3,-1
188,15,206,10,7,60,3,-1
189,5,199,5,7,55,3,-1
190,0,192,-10,7,50,3,-1
191,10,185,-10,7,45,3,-1
192,20,178,-10,7,40,3,-1
193,30,171,-10,7,35,3,-1
194,40,164,-10,7,30,3,-1
195,50,157,-10,7,25,3,1
196,60,150,-10,7,30,3,1
197,70,143,-10,7,35,2,1
198,80,136,-10,7,40,2,1
199,90,129,-10,7,45,2,1
200,100,122,-10,7,50,2,1
201,110,115,-10,7,55,2,1
202,120,108,-10,7,60,2,1
203,130,101,-10,1,65,2,1
204,140,100,-10,-7,70,2,1
205,150,107,-10,-7,75,2,1
206,160,114,-10,-7,80,0,1
207,170,121,-10,-7,85,0,1
208,180,128,-10,-7,90,0,1
209,190,135,-5,-7,95,0,1
210,195,142,10,-7,100,0,-1
211,185,149,10,-7,95,0,1
212,175,156,10,-7,100,0,1
213,165,163,10,-7,105,0,1
214,155,170,10,-7,110,0,1
215,145,177,10,-7,115,0,1
216,135,184,10,-7,120,0,1
217,125,191,10,-7,125,0,-1
218,115,198,10,-7,120,0,-1
219,105,205,10,-7,115,0,-1
220,95,212,10,-7,110,0,-1
221,85,219,10,-7,105,0,-1
222,75,226,10,-7,100,0,-1
223,65,233,10,-7,95,0,-1
224,55,240,10,-7,90,0,-1
225,45,247,10,-7,85,0,-1
226,35,254,10,-7,80,0,-1
227,25,261,10,-7,75,0,-1
228,15,268,10,-7,70,0,-1
229,5,275,5,-7,65,0,-1
230,0,282,-10,-7,60,0,-1
231,10,289,-10,-7,55,0,1
232,20,296,-10,-7,60,0,1
233,30,303,-10,-7,65,0,1
234,40,310,-10,-7,70,0,1
235,50,317,-10,-7,75,0,1
236,60,324,-10,-7,80,0,1
237,70,331,-10,-7,85,0,1
238,80,338,-10,-7,90,0,1
239,90,345,-10,-7,95,0,1
240,100,352,-10,-7,100,0,1
241,110,359,-10,-7,105,0,1
242,120,366,-10,-7,110,0,1
243,130,373,-10,-7,115,0,1
244,140,380,-10,-7,120,0,1
245,150,387,-10,-7,125,0,1
246,160,394,-10,-1,130,2,1
247,170,395,-10,7,135,2,1
248,180,388,-10,7,140,2,1
249,190,381,-5,7,145,2,1
250,195,374,10,7,150,2,1
251,185,367,10,7,155,2,-1
252,175,360,10,7,150,2,-1
253,165,353,10,7,145,2,-1
254,155,346,10,7,140,2,-1
255,145,339,10,7,135,2,-1
256,135,332,10,7,130,2,-1
257,125,325,10,7,125,2,-1
258,115,318,10,7,120,2,-1
259,105,311,10,7,115,2,-1
260,95,304,10,7,110,3,-1
261,85,297,10,7,105,3,-1
262,75,290,10,7,100,3,-1
263,65,283,10,7,95,3,-1
264,55,276,10,7,90,3,-1
265,45,269,10,7,85,3,-1
266,35,262,10,7,80,1,-1
267,25,255,10,7,75,1,-1
268,15,248,10,7,70,1,-1
269,5,241,5,7,65,1,-1
270,0,234,-10,7,60,1,-1
271,10,227,-10,7,55,1,-1
272,20,220,-10,7,50,1,-1
273,30,213,-10,7,45,1,-1
274,40,206,-10,7,40,1,-1
275,50,199,-10,7,35,1,1
276,60,192,-10,7,40,1,1
277,70,185,-10,7,45,1,1
278,80,178,-10,7,50,1,1
279,90,171,-10,7,55,1,1
280,100,164,-10,7,60,1,1
281,110,157,-10,7,65,1,1
282,120,150,-10,7,70,1,1
283,130,143,-10,7,75,1,1
284,140,136,-10,7,80,1,1
285,150,129,-10,7,85,1,1
286,160,122,-10,7,90,3,1
287,170,115,-10,7,95,3,1
288,180,108,-10,7,100,3,1
289,190,101,-5,7,105,3,1
290,195,94,10,7,110,3,1
291,185,87,10,7,115,3,-1
292,175,80,10,7,110,3,-1
293,165,73,5,7,105,3,-1
294,160,66,-10,7,100,3,1
295,170,59,-10,7,105,3,1
296,180,52,-10,7,110,3,1
297,190,45,-5,7,115,3,1
298,195,38,10,7,120,3,1
299,185,31,10,7,125,3,-1
300,175,24,10,7,120,3,-1
301,165,17,10,7,115,3,-1
302,155,10,10,7,110,3,-1
303,145,3,10,3,105,2,-1
304,135,0,10,-7,100,2,-1
305,125,7,10,-7,95,2,1
306,115,14,10,-7,100,0,1
307,105,21,10,-7,105,0,-1
308,95,28,10,-7,100,0,-1
309,85,35,10,-7,95,0,-1
310,75,42,10,-7,90,0,-1
311,65,49,5,-7,85,0,-1
312,60,56,-10,-7,80,0,-1
313,70,63,-10,-2,75,0,1
314,80,65,-10,7,80,0,1
315,90,58,-10,7,85,0,-1
316,100,51,-10,7,80,0,1
317,110,44,-10,7,85,0,1
318,120,37,-10,7,90,0,1
319,130,30,-10,7,95,0,1
320,140,23,-10,7,100,0,1
321,150,16,-10,7,105,0,1
322,160,9,-10,7,110,0,1
323,170,2,-10,2,115,0,1
324,180,0,-10,-7,120,0,1
325,190,7,-5,-7,125,0,-1
326,195,14,10,-7,120,0,-1
327,185,21,10,-7,115,0,1
328,175,28,10,-7,120,0,1
329,165,35,10,-7,125,0,1
330,155,42,10,-3,130,0,1
331,145,45,10,7,135,0,-1
332,135,38,10,7,130,0,-1
333,125,31,10,7,125,0,-1
334,115,24,10,7,120,0,-1
335,105,17,10,7,115,0,-1
336,95,10,10,7,110,0,-1
337,85,3,10,3,105,0,-1
338,75,0,10,-7,100,0,-1
339,65,7,10,-7,95,0,-1
340,55,14,10,-7,90,0,-1
341,45,21,10,-7,85,0,-1
342,35,28,10,-7,80,0,-1
343,25,35,10,-7,75,0,-1
344,15,42,10,-7,70,0,-1
345,5,49,5,-7,65,0,-1
346,0,56,-10,-7,60,2,-1
347,10,63,-10,-7,55,2,1
348,20,70,-10,-7,60,2,1
349,30,77,10,-7,65,2,1
350,20,84,10,-7,70,2,-1
351,10,91,10,-7,65,2,-1
352,0,98,-10,-7,60,2,-1
353,10,105,-10,-7,55,2,-1
354,20,112,-10,-7,50,2,-1
355,30,119,-10,-7,45,2,-1
356,40,126,-10,-7,40,2,-1
357,50,133,-10,-7,35,2,-1
358,60,140,-10,-7,30,2,-1
359,70,147,-10,-7,25,2,-1
360,80,154,-10,-7,20,2,-1
361,90,161,-10,-7,15,2,1
362,100,168,-10,-7,20,2,-1
363,110,175,-10,-7,15,2,1
364,120,182,-10,-7,20,2,-1
365,130,189,-10,-7,15,2,1
366,140,196,-10,-7,20,0,-1
367,150,203,-10,-7,15,0,1
368,160,210,-10,-7,20,0,-1
369,170,217,-10,-7,15,0,1
370,180,224,-10,-7,20,0,-1
371,190,231,-5,-7,15,0,1
372,195,238,10,-7,20,0,1
373,185,245,10,-7,25,0,1
374,175,252,10,-7,30,2,1
375,165,259,10,-7,35,2,1
376,155,266,10,-7,40,2,1
377,145,273,10,-7,45,2,1
378,135,280,10,-7,50,0,1
379,125,287,10,-7,55,0,1
380,115,294,10,-7,60,0,1
381,105,301,10,-7,65,0,1
382,95,308,10,-7,70,0,1
383,85,315,10,-7,75,0,-1
384,75,322,10,-7,70,0,-1
385,65,329,10,-7,65,0,-1
386,55,336,10,-7,60,0,-1
387,45,343,10,-7,55,0,-1
388,35,350,10,-7,50,0,-1
389,25,357,10,-7,45,0,-1
390,15,364,10,-7,40,1,-1
391,5,371,5,-7,35,1,-1
392,0,378,-10,-7,30,1,-1
393,10,385,-10,-7,25,1,-1
394,20,392,-10,-3,20,1,-1
395,30,395,7,7,15,1,1
396,23,388,7,7,20,1,1
397,16,381,7,7,25,1,1
398,9,374,7,7,30,3,1
399,2,367,2,7,35,3,1
400,0,360,-7,7,40,2,-1
401,7,353,-7,7,35,2,-1
402,14,346,-7,7,30,2,-1
403,21,339,-7,7,25,2,-1
404,28,332,-7,7,20,2,-1
405,35,325,-7,7,15,2,1
406,42,318,-7,7,20,2,1
407,49,311,-7,7,25,2,1
408,56,304,-7,7,30,2,1
409,63,297,-7,7,35,2,1
410,70,290,-7,7,40,3,1
411,77,283,-7,7,45,3,1
412,84,276,-7,7,50,1,1
413,91,269,-7,7,55,1,1
414,98,262,-7,7,60,1,1
415,105,255,-7,7,65,1,1
416,112,248,-7,7,70,1,1
417,119,241,-7,7,75,0,1
418,126,234,-7,7,80,0,1
419,133,227,-7,7,85,0,1
420,140,220,-7,7,90,0,1
421,147,213,-7,7,95,0,1
422,154,206,-7,7,100,0,1
423,161,199,-7,7,105,0,1
424,168,192,-7,7,110,0,1
425,175,185,-7,7,115,0,1
426,182,178,-7,7,120,0,1
427,189,171,-6,7,125,0,1
428,195,164,7,7,130,0,1
429,188,157,7,7,135,0,-1
430,181,150,7,7,130,0,-1
431,174,143,7,7,125,1,-1
432,167,136,7,7,120,1,-1
433,160,129,7,7,115,1,-1
434,153,122,7,7,110,1,-1
435,146,115,7,7,105,1,-1
436,139,108,7,7,100,1,-1
437,132,101,7,1,95,1,-1
438,125,100,7,-7,90,1,1
439,118,107,7,-7,95,3,1
440,111,114,7,-7,100,3,-1
441,104,121,7,-7,95,3,-1
442,97,128,7,-7,90,1,-1
443,90,135,7,-7,85,1,-1
444,83,142,7,-7,80,1,-1
445,76,149,7,-7,75,3,-1
446,69,156,7,-7,70,3,-1
447,62,163,7,-7,65,3,-1
448,55,170,7,-7,60,3,-1
449,48,177,7,-7,55,3,-1
450,41,184,7,-7,50,3,-1
451,34,191,7,-7,45,3,-1
452,27,198,7,-7,40,3,-1
453,20,205,7,-7,35,3,-1
454,13,212,7,-7,30,3,-1
455,6,219,6,-7,25,3,-1
456,0,226,-7,-7,20,3,-1
457,7,233,-7,-7,15,3,1
458,14,240,-7,-7,20,3,1
459,21,247,-7,-7,25,3,1
460,28,254,-7,-7,30,3,1
461,35,261,-7,-7,35,3,1
462,42,268,-7,-7,40,3,1
463,49,275,-7,-7,45,3,1
464,56,282,-7,-7,50,3,1
465,63,289,-7,-7,55,1,1
466,70,296,-7,-7,60,1,1
467,77,303,-7,-7,65,1,1
468,84,310,-7,-7,70,1,1
469,91,317,-7,-7,75,1,1
470,98,324,-7,-7,80,1,1
471,105,331,-7,-7,85,1,1
472,112,338,-7,-7,90,1,1
473,119,345,-7,-7,95,1,1
474,126,352,-7,-7,100,1,1
475,133,359,-7,-7,105,1,1
476,140,366,-7,-7,110,1,1
477,147,373,-7,-7,115,1,1
478,154,380,-7,-7,120,1,1
479,161,387,-7,-7,125,1,1
480,168,394,-7,-1,130,1,1
481,175,395,-10,7,135,1,1
482,185,388,-10,7,140,1,1
483,195,381,10,7,145,1,1
484,185,374,10,7,150,1,-1
485,175,367,10,7,145,3,-1
486,165,360,10,7,140,3,-1
487,155,353,10,7,135,3,-1
488,145,346,10,7,130,0,-1
489,135,339,10,7,125,0,-1
490,125,332,10,7,120,0,-1
491,115,325,10,7,115,0,-1
492,105,318,10,7,110,0,-1
493,95,311,10,7,105,0,-1
494,85,304,10,7,100,0,-1
495,75,297,10,7,95,0,-1
496,65,290,10,7,90,0,-1
497,55,283,10,7,85,0,-1
498,45,276,10,7,80,2,-1
499,35,269,10,7,75,2,-1
500,25,262,10,7,70,2,-1
501,15,255,10,7,65,2,-1
502,5,248,5,7,60,2,1
503,0,241,-10,7,65,2,-1
504,10,234,-10,7,60,2,-1
505,20,227,-10,7,55,2,-1
506,30,220,-10,7,50,2,-1
507,40,213,-10,7,45,2,-1
508,50,206,-10,7,40,2,-1
509,60,199,-10,7,35,2,1
510,70,192,-10,7,40,2,1
511,80,185,-10,7,45,2,1
512,90,178,-10,7,50,2,1
513,100,171,-10,7,55,2,1
514,110,164,-10,7,60,2,1
515,120,157,-10,7,65,2,1
516,130,150,-10,7,70,2,1
517,140,143,-10,7,75,2,1
518,150,136,-10,7,80,2,1
519,160,129,-10,7,85,2,1
520,170,122,-10,7,90,2,1
521,180,115,-10,7,95,2,1
522,190,108,-5,7,100,2,1
523,195,101,10,7,105,2,1
524,185,94,10,7,110,2,-1
525,175,87,10,7,105,2,-1
526,165,80,10,7,100,0,-1
527,155,73,5,7,95,0,-1
528,150,66,-10,7,90,0,1
529,160,59,-10,7,95,0,1
530,170,52,-10,7,100,0,1
531,180,45,-10,7,105,0,1
532,190,38,-5,7,110,0,1
533,195,31,10,7,115,0,1
534,185,24,10,7,120,0,-1
535,175,17,10,7,115,0,-1
536,165,10,10,7,110,0,-1
537,155,3,10,3,105,0,-1
538,145,0,10,-7,100,0,-1
539,135,7,10,-7,95,0,1
540,125,14,10,-7,100,0,1
541,115,21,10,-7,105,0,-1
542,105,28,10,-7,100,0,-1
543,95,35,10,-7,95,0,-1
544,85,42,10,-7,90,0,-1
545,75,49,10,-7,85,0,-1
546,65,56,10,-7,80,1,-1
547,55,63,10,-7,75,1,-1
548,45,70,10,-7,70,1,-1
549,35,77,10,-7,65,1,-1
550,25,84,10,-7,60,1,-1
551,15,91,10,-7,55,1,-1
552,5,98,5,-7,50,1,-1
553,0,105,-10,-7,45,1,-1
554,10,112,-10,-7,40,1,-1
555,20,119,-10,-7,35,1,-1
556,30,126,-10,-7,30,1,-1
557,40,133,-10,-7,25,1,-1
558,50,140,-10,-7,20,1,-1
559,60,147,-10,-7,15,1,-1
560,70,154,-10,-7,10,1,-1
561,80,161,-10,-7,5,1,1
562,90,168,-10,-7,10,1,-1
563,100,175,-10,-7,5,1,1
564,110,182,-10,-7,10,3,-1
565,120,189,-10,-7,5,3,1
566,130,196,-10,-7,10,3,-1
567,140,203,-10,-7,5,3,1
568,150,210,-10,-7,10,3,-1
569,160,217,-10,-7,5,3,1
570,170,224,-10,-7,10,3,-1
571,180,231,-10,-7,5,3,1
572,190,238,-5,-7,10,3,-1
573,195,245,10,-7,5,3,1
574,185,252,10,-7,10,3,1
575,175,259,10,-7,15,3,1
576,165,266,10,-7,20,3,1
577,155,273,10,-7,25,3,1
578,145,280,10,-7,30,3,1
579,135,287,10,-7,35,3,1
580,125,294,10,-7,40,3,1
581,115,301,10,-7,45,3,1
582,105,308,10,-7,50,3,1
583,95,315,10,-7,55,3,1
584,85,322,10,-7,60,3,1
585,75,329,10,-7,65,3,-1
586,65,336,10,-7,60,3,-1
587,55,343,10,-7,55,3,-1
588,45,350,10,-7,50,3,-1
589,35,357,10,-7,45,2,-1
590,25,364,10,-7,40,2,-1
591,15,371,10,-7,35,0,-1
592,5,378,5,-7,30,0,-1
593,0,385,-10,-7,25,0,-1
594,10,392,-10,-3,20,0,-1
595,20,395,7,7,15,0,1
596,13,388,7,7,20,0,-1
597,6,381,6,7,15,0,1
598,0,374,-7,7,20,0,-1
599,7,367,-7,7,15,0,-1
600,14,360,-7,7,10,0,-1
601,21,353,-7,7,5,0,1
602,28,346,-7,7,10,0,1
603,35,339,-7,7,15,0,1
604,42,332,-7,7,20,0,1
605,49,325,-7,7,25,0,1
606,56,318,-7,7,30,0,1
607,63,311,-7,7,35,0,1
608,70,304,-7,7,40,0,1
609,77,297,-7,7,45,0,1
610,84,290,-7,7,50,0,1
611,91,283,-7,7,55,0,1
612,98,276,-7,7,60,0,1
613,105,269,-7,7,65,0,1
614,112,262,-7,7,70,0,1
615,119,255,-7,7,75,0,1
616,126,248,-7,7,80,0,1
617,133,241,-7,7,85,0,1
618,140,234,-7,7,90,0,1
619,147,227,-7,7,95,0,1
620,154,220,-7,7,100,0,1
621,161,213,-7,7,105,0,1
622,168,206,-7,7,110,0,1
623,175,199,-7,7,115,0,1
624,182,192,-7,7,120,0,1
625,189,185,-6,7,125,0,1
626,195,178,7,7,130,0,1
627,188,171,7,7,135,0,-1
628,181,164,7,7,130,0,-1
629,174,157,7,7,125,0,-1
630,167,150,7,7,120,0,-1
631,160,143,7,7,115,2,-1
632,153,136,7,7,110,2,-1
633,146,129,7,7,105,2,-1
634,139,122,7,7,100,2,-1
635,132,115,7,7,95,2,-1
636,125,108,7,7,90,2,-1
637,118,101,7,7,85,2,-1
638,111,94,7,4,80,2,-1
639,104,90,7,-7,75,2,-1
640,97,97,7,-7,70,2,1
641,90,104,7,-7,75,2,1
642,83,111,7,-7,80,2,-1
643,76,118,7,-7,75,2,-1
644,69,125,7,-7,70,2,-1
645,62,132,7,-7,65,2,-1
646,55,139,7,-7,60,2,-1
647,48,146,7,-7,55,2,-1
648,41,153,7,-7,50,2,-1
649,34,160,7,-7,45,2,-1
650,27,167,7,-7,40,2,-1
651,20,174,7,-7,35,0,-1
652,13,181,7,-7,30,0,-1
653,6,188,6,-7,25,0,-1
654,0,195,-7,-7,20,0,-1
655,7,202,-7,-7,15,0,1
656,14,209,-7,-7,20,0,1
657,21,216,-7,-7,25,0,1
658,28,223,-7,-7,30,0,1
659,35,230,-7,-7,35,0,1
660,42,237,-7,-7,40,0,1
661,49,244,-7,-7,45,2,1
662,56,251,-7,-7,50,2,1
663,63,258,-7,-7,55,2,1
664,70,265,-7,-7,60,2,1
665,77,272,-7,-7,65,2,1
666,84,279,-7,-7,70,0,1
667,91,286,-7,-7,75,0,1
668,98,293,-7,-7,80,0,1
669,105,300,-7,-7,85,0,1
670,112,307,-7,-7,90,0,1
671,119,314,-7,-7,95,0,1
672,126,321,-7,-7,100,0,1
673,133,328,-7,-7,105,0,1
674,140,335,-7,-7,110,0,1
675,147,342,-7,-7,115,0,1
676,154,349,-7,-7,120,1,1
677,161,356,-7,-7,125,1,1
678,168,363,-7,-7,130,1,1
679,175,370,-7,-7,135,1,1
680,182,377,-7,-7,140,1,1
681,189,384,-6,-7,145,1,1
682,195,391,7,-4,150,1,1
683,188,395,-7,7,155,1,1
684,195,388,7,7,160,1,1
685,188,381,7,7,160,1,1
686,181,374,7,7,160,1,1
687,174,367,7,7,160,1,1
688,167,360,7,7,160,1,1
689,160,353,7,7,160,1,1
690,153,346,7,7,160,1,1
691,146,339,7,7,160,3,1
692,139,332,7,7,160,3,1
693,132,325,7,7,160,3,1
694,125,318,7,7,160,3,1
695,118,311,7,7,160,3,1
696,111,304,7,7,160,3,1
697,104,297,7,7,160,3,1
698,97,290,7,7,160,3,1
699,90,283,7,7,160,3,1
700,83,276,7,7,160,3,1
701,76,269,7,7,160,3,1
702,69,262,7,7,160,3,1
703,62,255,7,7,160,3,1
704,55,248,7,7,160,3,1
705,48,241,7,7,160,3,1
706,41,234,7,7,160,3,1
707,34,227,7,7,160,3,1
708,27,220,7,7,160,3,1
709,20,213,7,7,160,3,1
710,13,206,7,7,160,3,1
711,6,199,6,7,160,1,1
712,0,192,-7,7,160,1,-1
713,7,185,-7,7,155,1,-1
714,14,178,-7,7,150,1,-1
715,21,171,-7,7,145,1,-1
716,28,164,-7,7,140,1,-1
717,35,157,-7,7,135,1,-1
718,42,150,-7,7,130,1,-1
719,49,143,-7,7,125,1,-1
720,56,136,-7,7,120,1,-1
721,63,129,-7,7,115,1,-1
722,70,122,-7,7,110,1,-1
723,77,115,-7,7,105,1,-1
724,84,108,-7,7,100,1,-1
725,91,101,-7,7,95,1,-1
726,98,94,-7,7,90,1,-1
727,105,87,-7,7,85,1,1
728,112,80,-7,-7,90,1,1
729,119,87,-7,-7,95,1,-1
730,126,94,-7,-7,90,1,-1
731,133,101,-7,-7,85,3,-1
732,140,108,-7,-7,80,3,-1
733,147,115,-7,-7,75,0,-1
734,154,122,-7,-7,70,0,-1
735,161,129,-7,-7,65,0,-1
736,168,136,-7,-7,60,0,-1
737,175,143,-7,-7,55,0,-1
738,182,150,-7,-7,50,0,-1
739,189,157,-6,-7,45,2,-1
740,195,164,7,-7,40,2,-1
741,188,171,7,-7,35,2,1
742,181,178,7,-7,40,2,1
743,174,185,7,-7,45,2,1
744,167,192,7,-7,50,2,1
745,160,199,7,-7,55,2,1
746,153,206,7,-7,60,2,1
747,146,213,7,-7,65,2,1
748,139,220,7,-7,70,2,1
749,132,227,7,-7,75,2,1
750,125,234,7,-7,80,2,1
751,118,241,7,-7,85,2,1
752,111,248,7,-7,90,2,1
753,104,255,7,-7,95,2,-1
754,97,262,7,-7,90,2,-1
755,90,269,7,-7,85,2,-1
756,83,276,7,-7,80,2,-1
757,76,283,7,-7,75,2,-1
758,69,290,7,-7,70,2,-1
759,62,297,7,-7,65,2,-1
760,55,304,7,-7,60,2,-1
761,48,311,7,-7,55,2,-1
762,41,318,7,-7,50,2,-1
763,34,325,7,-7,45,2,-1
764,27,332,7,-7,40,2,-1
765,20,339,7,-7,35,2,-1
766,13,346,7,-7,30,2,-1
767,6,353,6,-7,25,0,-1
768,0,360,-7,-7,20,0,-1
769,7,367,-7,-7,15,0,1
770,14,374,-7,-7,20,0,1
771,21,381,-7,-7,25,0,1
772,28,388,-7,-7,30,0,-1
773,35,395,7,7,25,0,1
774,28,388,7,7,30,0,1
775,21,381,7,7,35,0,-1
776,14,374,7,7,30,0,1
777,7,367,7,7,35,0,-1
778,0,360,-7,7,30,0,-1
779,7,353,-7,7,25,0,-1
780,14,346,-7,7,20,0,-1
781,21,339,-7,7,15,0,-1
782,28,332,-7,7,10,0,1
783,35,325,-7,7,15,0,1
784,42,318,-7,7,20,0,1
785,49,311,-7,7,25,0,1
786,56,304,-7,7,30,0,1
787,63,297,-7,7,35,0,1
788,70,290,-7,7,40,0,1
789,77,283,-7,7,45,0,1
790,84,276,-7,7,50,0,1
791,91,269,-7,7,55,0,1
792,98,262,-7,7,60,0,1
793,105,255,-7,7,65,1,1
794,112,248,-7,7,70,1,1
795,119,241,-7,7,75,1,1
796,126,234,-7,7,80,1,1
797,133,227,-7,7,85,1,1
798,140,220,-7,7,90,1,1
799,147,213,-7,7,95,1,1
800,154,206,-7,7,100,1,1
801,161,199,-7,7,105,1,1
802,168,192,-7,7,110,1,1
803,175,185,-7,7,115,1,1
804,182,178,-7,7,120,1,1
805,189,171,-6,7,125,1,1
806,195,164,7,7,130,1,1
807,188,157,7,7,135,1,-1
808,181,150,7,7,130,3,-1
809,174,143,7,7,125,3,-1
810,167,136,7,7,120,3,-1
811,160,129,7,7,115,3,-1
812,153,122,7,7,110,3,-1
813,146,115,7,7,105,3,-1
814,139,108,7,7,100,3,-1
815,132,101,7,7,95,3,-1
816,125,94,7,7,90,3,-1
817,118,87,7,7,85,3,-1
818,111,80,7,7,80,3,-1
819,104,73,7,3,75,3,-1
820,97,70,7,-5,70,3,1
821,90,75,7,7,75,3,1
822,83,68,7,7,80,3,-1
823,76,61,7,7,75,3,-1
824,69,54,7,7,70,3,-1
825,62,47,7,7,65,3,-1
826,55,40,7,7,60,3,-1
827,48,33,7,7,55,3,-1
828,41,26,7,7,50,3,-1
829,34,19,7,7,45,3,-1
830,27,12,7,7,40,3,-1
831,20,5,7,5,35,3,-1
832,13,0,7,-7,30,3,1
833,6,7,6,-7,35,3,-1
834,0,14,-7,-7,30,3,-1
835,7,21,-7,-7,25,3,-1
836,14,28,-7,-7,20,1,-1
837,21,35,-7,-7,15,2,-1
838,28,42,-7,-7,10,0,-1
839,35,49,-7,-7,5,0,1
840,42,56,-7,-7,10,0,-1
841,49,63,-7,-7,5,0,1
842,56,70,-7,-5,10,0,-1
843,63,75,-7,7,5,0,1
844,70,68,-7,7,10,0,1
845,77,61,-7,7,15,0,1
846,84,54,-7,7,20,0,1
847,91,47,-7,7,25,0,1
848,98,40,-7,7,30,0,1
849,105,33,-7,7,35,0,1
850,112,26,-7,7,40,0,1
851,119,19,-7,7,45,0,1
852,126,12,-7,7,50,0,1
853,133,5,-7,5,55,0,1
854,140,0,-7,-7,60,0,1
855,147,7,-7,-7,65,0,1
856,154,14,-7,-7,70,0,1
857,161,21,-7,-7,75,0,1
858,168,28,-7,-7,80,0,1
859,175,35,-7,-7,85,0,1
860,182,42,-7,-7,90,0,1
861,189,49,-6,-7,95,0,1
862,195,56,7,-7,100,0,-1
863,188,63,7,-7,95,0,1
864,181,70,7,-7,100,0,1
865,174,77,7,-7,105,0,1
866,167,84,7,-7,110,0,1
867,160,91,7,-7,115,0,1
868,153,98,7,-7,120,0,1
869,146,105,7,-7,125,0,1
870,139,112,7,-7,130,0,-1
871,132,119,7,-7,125,0,-1
872,125,126,7,-7,120,0,-1
873,118,133,7,-7,115,0,-1
874,111,140,7,-7,110,0,-1
875,104,147,7,-7,105,0,-1
876,97,154,7,-7,100,0,-1
877,90,161,7,-7,95,0,-1
878,83,168,7,-7,90,0,-1
879,76,175,7,-7,85,0,-1
880,69,182,7,-7,80,0,-1
881,62,189,7,-7,75,0,-1
882,55,196,7,-7,70,0,-1
883,48,203,7,-7,65,0,-1
884,41,210,7,-7,60,0,-1
885,34,217,7,-7,55,0,-1
886,27,224,7,-7,50,0,-1
887,20,231,7,-7,45,0,-1
888,13,238,7,-7,40,0,-1
889,6,245,6,-7,35,0,-1
890,0,252,-7,-7,30,0,-1
891,7,259,-7,-7,25,0,1
892,14,266,-7,-7,30,0,1
893,21,273,-7,-7,35,0,1
894,28,280,-7,-7,40,2,1
895,35,287,-7,-7,45,2,1
896,42,294,-7,-7,50,2,1
897,49,301,-7,-7,55,2,1
898,56,308,-7,-7,60,2,1
899,63,315,-7,-7,65,2,1
900,70,322,-7,-7,70,2,1
901,77,329,-7,-7,75,2,1
902,84,336,-7,-7,80,2,1
903,91,343,-7,-7,85,2,1
904,98,350,-7,-7,90,2,1
905,105,357,-7,-7,95,2,1
906,112,364,-7,-7,100,2,1
907,119,371,-7,-7,105,2,1
908,126,378,-7,-7,110,2,1
909,133,385,-7,-7,115,2,1
910,140,392,-7,-3,120,3,1
911,147,395,-10,7,125,3,1
912,157,388,-10,7,130,3,1
913,167,381,-10,7,135,3,1
914,177,374,-10,7,140,3,1
915,187,367,-8,7,145,3,1
916,195,360,10,7,150,3,1
917,185,353,10,7,155,3,-1
918,175,346,10,7,150,3,-1
919,165,339,10,7,145,3,-1
920,155,332,10,7,140,3,-1
921,145,325,10,7,135,3,-1
922,135,318,10,7,130,1,-1
923,125,311,10,7,125,1,-1
924,115,304,10,7,120,1,-1
925,105,297,10,7,115,1,-1
926,95,290,10,7,110,1,-1
927,85,283,10,7,105,1,-1
928,75,276,10,7,100,1,-1
929,65,269,10,7,95,1,-1
930,55,262,10,7,90,1,-1
931,45,255,10,7,85,1,-1
932,35,248,10,7,80,1,-1
933,25,241,10,7,75,1,-1
934,15,234,10,7,70,1,-1
935,5,227,5,7,65,1,-1
936,0,220,-10,7,60,1,-1
937,10,213,-10,7,55,1,-1
938,20,206,-10,7,50,1,-1
939,30,199,-10,7,45,1,-1
940,40,192,-10,7,40,1,-1
941,50,185,-10,7,35,1,1
942,60,178,-10,7,40,1,1
943,70,171,-10,7,45,1,1
944,80,164,-10,7,50,1,1
945,90,157,-10,7,55,1,1
946,100,150,-10,7,60,1,1
947,110,143,-10,7,65,1,1
948,120,136,-10,7,70,1,1
949,130,129,-10,7,75,1,1
950,140,122,-10,7,80,3,1
951,150,115,-10,7,85,3,1
952,160,108,-10,7,90,3,1
953,170,101,-10,7,95,3,1
954,180,94,-10,7,100,3,1
955,190,87,-5,7,105,0,1
956,195,80,10,7,110,0,1
957,185,73,10,7,115,0,-1
958,175,66,10,7,110,0,-1
959,165,59,10,7,105,0,-1
960,155,52,10,7,100,0,-1
961,145,45,10,7,95,0,-1
962,135,38,10,7,90,0,-1
963,125,31,10,7,85,0,-1
964,115,24,10,7,80,0,-1
965,105,17,10,7,75,2,-1
966,95,10,10,7,70,2,-1
967,85,3,10,3,65,2,-1
968,75,0,10,-7,60,2,-1
969,65,7,10,-7,55,2,-1
970,55,14,10,-7,50,2,-1
971,45,21,10,-7,45,2,-1
972,35,28,10,-7,40,2,-1
973,25,35,10,-7,35,2,-1
974,15,42,10,-7,30,2,-1
975,5,49,5,-7,25,2,-1
976,0,56,-10,-7,20,2,-1
977,10,63,-10,-7,15,2,1
978,20,70,-10,-7,20,2,1
979,30,77,-10,-7,25,2,1
980,40,84,-10,-1,30,2,1
981,50,85,-10,7,35,2,-1
982,60,78,-10,7,30,2,1
983,70,71,-10,7,35,2,1
984,80,64,-10,7,40,2,1
985,90,57,-10,7,45,2,1
986,100,50,-10,7,50,2,1
987,110,43,-10,7,55,2,1
988,120,36,-10,7,60,2,1
989,130,29,-10,7,65,2,1
990,140,22,-10,7,70,2,1
991,150,15,-10,7,75,2,1
992,160,8,-10,7,80,2,1
993,170,1,-10,1,85,0,1
994,180,0,-10,-7,90,0,1
995,190,7,-5,-7,95,0,-1
996,195,14,10,-7,90,0,-1
997,185,21,10,-7,85,0,1
998,175,28,10,-7,90,0,1
999,165,35,10,-7,95,0,1
1000,155,42,10,-7,100,0,1
1001,145,49,10,-7,105,0,1
1002,135,56,-10,-7,110,0,1
1003,145,63,-10,-7,115,0,1
1004,155,70,-10,-7,120,0,1
1005,165,77,-10,-7,125,0,1
1006,175,84,-10,-7,130,0,1
1007,185,91,-10,-7,135,0,1
1008,195,98,10,-7,140,0,1
1009,185,105,10,-7,145,0,1
1010,175,112,10,-7,150,0,1
1011,165,119,10,-7,155,0,-1
1012,155,126,10,-7,150,0,-1
1013,145,133,10,-7,145,0,-1
1014,135,140,10,-7,140,0,-1
1015,125,147,10,-7,135,0,-1
1016,115,154,10,-7,130,0,-1
1017,105,161,10,-7,125,0,-1
1018,95,168,10,-7,120,0,-1
1019,85,175,10,-7,115,0,-1
1020,75,182,10,-7,110,0,-1
1021,65,189,10,-7,105,1,-1
1022,55,196,10,-7,100,0,-1
1023,45,203,10,-7,95,0,-1
1024,35,210,10,-7,90,0,-1
1025,25,217,10,-7,85,0,-1
1026,15,224,10,-7,80,0,-1
1027,5,231,5,-7,75,0,-1
1028,0,238,-10,-7,70,0,-1
1029,10,245,-10,-7,65,0,1
1030,20,252,-10,-7,70,0,1
1031,30,259,-10,-7,75,0,1
1032,40,266,-10,-7,80,0,1
1033,50,273,-10,-7,85,0,1
1034,60,280,-10,-7,90,0,1
1035,70,287,-10,-7,95,0,1
1036,80,294,-10,-7,100,0,1
1037,90,301,-10,-7,105,0,1
1038,100,308,-10,-7,110,0,1
1039,110,315,-10,-7,115,0,1
1040,120,322,-10,-7,120,0,1
1041,130,329,-10,-7,125,0,1
1042,140,336,-10,-7,130,0,1
1043,150,343,-10,-7,135,0,1
1044,160,350,-10,-7,140,1,1
1045,170,357,-10,-7,145,1,1
1046,180,364,-10,-7,150,3,1
1047,190,371,-5,-7,155,3,1
1048,195,378,10,-7,160,3,1
1049,185,385,10,-7,160,3,1
1050,175,392,10,-3,160,3,1
1051,165,395,7,7,160,3,-1
1052,158,388,7,7,155,3,1
1053,151,381,7,7,160,3,1
1054,144,374,7,7,160,3,1
1055,137,367,7,7,160,2,1
1056,130,360,7,7,160,2,1
1057,123,353,7,7,160,2,1
1058,116,346,7,7,160,2,1
1059,109,339,7,7,160,2,1
1060,102,332,7,7,160,2,1
1061,95,325,7,7,160,2,1
1062,88,318,7,7,160,2,1
1063,81,311,7,7,160,2,1
1064,74,304,7,7,160,2,1
1065,67,297,7,7,160,2,1
1066,60,290,7,7,160,3,1
1067,53,283,7,7,160,3,1
1068,46,276,7,7,160,3,1
1069,39,269,7,7,160,3,1
1070,32,262,7,7,160,3,1
1071,25,255,7,7,160,3,1
1072,18,248,7,7,160,3,1
1073,11,241,7,7,160,3,1
1074,4,234,4,7,160,1,1
1075,0,227,-7,7,160,1,-1
1076,7,220,-7,7,155,1,-1
1077,14,213,-7,7,150,1,-1
1078,21,206,-7,7,145,1,-1
1079,28,199,-7,7,140,1,-1
1080,35,192,-7,7,135,1,-1
1081,42,185,-7,7,130,1,-1
1082,49,178,-7,7,125,1,-1
1083,56,171,-7,7,120,1,-1
1084,63,164,-7,7,115,1,-1
1085,70,157,-7,7,110,1,-1
1086,77,150,-7,7,105,1,-1
1087,84,143,-7,7,100,1,-1
1088,91,136,-7,7,95,1,-1
1089,98,129,-7,7,90,1,-1
1090,105,122,-7,7,85,1,1
1091,112,115,-7,7,90,1,1
1092,119,108,-7,7,95,1,1
1093,126,101,-7,7,100,1,1
1094,133,94,-7,4,105,1,1
1095,140,90,-7,-7,110,1,1
1096,147,97,-7,-7,115,1,-1
1097,154,104,-7,-7,110,1,-1
1098,161,111,-7,-7,105,1,-1
1099,168,118,-7,-7,100,1,-1
1100,175,125,-7,-7,95,1,-1
1101,182,132,-7,-7,90,1,-1
1102,189,139,-6,-7,85,3,-1
1103,195,146,7,-7,80,3,-1
1104,188,153,7,-7,75,3,1
1105,181,160,7,-7,80,3,1
1106,174,167,7,-7,85,3,1
1107,167,174,7,-7,90,3,1
1108,160,181,7,-7,95,3,1
1109,153,188,7,-7,100,3,1
1110,146,195,7,-7,105,3,1
1111,139,202,7,-7,110,3,1
1112,132,209,7,-7,115,3,1
1113,125,216,7,-7,120,3,-1
1114,118,223,7,-7,115,3,-1
1115,111,230,7,-7,110,3,-1
1116,104,237,7,-7,105,3,-1
1117,97,244,7,-7,100,3,-1
1118,90,251,7,-7,95,3,-1
1119,83,258,7,-7,90,3,-1
1120,76,265,7,-7,85,3,-1
1121,69,272,7,-7,80,3,-1
1122,62,279,7,-7,75,3,-1
1123,55,286,7,-7,70,2,-1
1124,48,293,7,-7,65,2,-1
1125,41,300,7,-7,60,2,-1
1126,34,307,7,-7,55,2,-1
1127,27,314,7,-7,50,2,-1
1128,20,321,7,-7,45,0,-1
1129,13,328,7,-7,40,0,-1
1130,6,335,6,-7,35,0,-1
1131,0,342,-7,-7,30,0,-1
1132,7,349,-7,-7,25,0,1
1133,14,356,-7,-7,30,0,1
1134,21,363,-7,-7,35,0,1
1135,28,370,-7,-7,40,0,1
1136,35,377,-7,-7,45,0,-1
1137,42,384,-7,-7,40,0,1
1138,49,391,-7,-4,45,0,-1
1139,56,395,7,7,40,0,1
1140,49,388,7,7,45,0,1
1141,42,381,7,7,50,0,1
1142,35,374,7,7,55,0,1
1143,28,367,7,7,60,0,-1
1144,21,360,7,7,55,0,1
1145,14,353,7,7,60,0,-1
1146,7,346,7,7,55,0,1
1147,0,339,-7,7,60,0,-1
1148,7,332,-7,7,55,0,-1
1149,14,325,-7,7,50,0,-1
1150,21,318,-7,7,45,0,-1
1151,28,311,-7,7,40,0,-1
1152,35,304,-7,7,35,0,-1
1153,42,297,-7,7,30,0,-1
1154,49,290,-7,7,25,0,1
1155,56,283,-7,7,30,0,1
1156,63,276,-7,7,35,0,1
1157,70,269,-7,7,40,0,1
1158,77,262,-7,7,45,0,1
1159,84,255,-7,7,50,0,1
1160,91,248,-7,7,55,0,1
1161,98,241,-7,7,60,0,1
1162,105,234,-7,7,65,0,1
1163,112,227,-7,7,70,0,1
1164,119,220,-7,7,75,0,1
1165,126,213,-7,7,80,0,1
1166,133,206,-7,7,85,0,1
1167,140,199,-7,7,90,0,1
1168,147,192,-7,7,95,2,1
1169,154,185,-7,7,100,2,1
1170,161,178,-7,7,105,2,1
1171,168,171,-7,7,110,2,1
1172,175,164,-7,7,115,2,1
1173,182,157,-7,7,120,2,1
1174,189,150,-6,7,125,2,1
1175,195,143,7,7,130,2,1
1176,188,136,7,7,135,2,-1
1177,181,129,7,7,130,2,-1
1178,174,122,7,7,125,2,-1
1179,167,115,7,7,120,2,-1
1180,160,108,7,7,115,2,-1
1181,153,101,7,7,110,2,-1
1182,146,94,7,7,105,2,-1
1183,139,87,7,7,100,2,-1
1184,132,80,7,7,95,2,-1
1185,125,73,7,7,90,2,-1
1186,118,66,7,7,85,2,-1
1187,111,59,7,7,80,2,-1
1188,104,52,7,7,75,0,-1
1189,97,45,7,7,70,0,-1
1190,90,38,7,7,65,0,-1
1191,83,31,7,7,60,0,-1
1192,76,24,7,7,55,0,-1
1193,69,17,7,7,50,0,-1
1194,62,10,7,7,45,0,-1
1195,55,3,7,3,40,0,1
1196,48,0,7,-7,45,0,1
1197,41,7,7,-7,50,0,-1
1198,34,14,7,-7,45,0,-1
1199,27,21,7,-7,40,0,-1
1200,20,28,7,-7,35,0,-1
1201,13,35,7,-7,30,0,-1
1202,6,42,6,-7,25,0,-1
1203,0,49,-7,-7,20,0,-1
1204,7,56,-7,-7,15,0,1
1205,14,63,-7,-7,20,0,1
1206,21,70,-7,-7,25,0,1
1207,28,77,-7,-7,30,0,1
1208,35,84,-7,-7,35,0,1
1209,42,91,-7,-7,40,0,1
1210,49,98,-7,-7,45,0,-1
1211,56,105,-7,-7,40,0,1
1212,63,112,-7,-7,45,1,-1
1213,70,119,-7,-7,40,1,1
1214,77,126,-7,-7,45,1,-1
1215,84,133,-7,-7,40,1,1
1216,91,140,-7,-7,45,1,-1
1217,98,147,-7,-7,40,1,1
1218,105,154,-7,-7,45,1,-1
1219,112,161,-7,-7,40,1,1
1220,119,168,-7,-7,45,3,-1
1221,126,175,-7,-7,40,3,1
1222,133,182,-7,-7,45,3,-1
1223,140,189,-7,-7,40,3,1
1224,147,196,-7,-7,45,3,-1
1225,154,203,-7,-7,40,2,1
1226,161,210,-7,-7,45,2,-1
1227,168,217,-7,-7,40,2,1
1228,175,224,-7,-7,45,2,-1
1229,182,231,-7,-7,40,2,1
1230,189,238,-6,-7,45,2,-1
1231,195,245,7,-7,40,2,1
1232,188,252,7,-7,45,2,1
1233,181,259,7,-7,50,2,1
1234,174,266,7,-7,55,2,1
1235,167,273,7,-7,60,2,1
1236,160,280,7,-7,65,2,1
1237,153,287,7,-7,70,2,1
1238,146,294,7,-7,75,3,1
1239,139,301,7,-7,80,3,1
1240,132,308,7,-7,85,1,1
1241,125,315,7,-7,90,1,1
1242,118,322,7,-7,95,1,1
1243,111,329,7,-7,100,1,-1
1244,104,336,7,-7,95,1,-1
1245,97,343,7,-7,90,1,-1
1246,90,350,7,-7,85,3,-1
1247,83,357,7,-7,80,3,-1
1248,76,364,7,-7,75,3,-1
1249,69,371,7,-7,70,3,-1
1250,62,378,7,-7,65,3,-1
1251,55,385,7,-7,60,3,-1
1252,48,392,7,-3,55,1,-1
1253,41,395,10,7,50,1,-1
1254,31,388,10,7,45,1,1
1255,21,381,10,7,50,1,1
1256,11,374,10,7,55,1,1
1257,1,367,1,7,60,1,1
1258,0,360,-10,7,65,1,-1
1259,10,353,-10,7,60,1,-1
1260,20,346,-10,7,55,1,-1
1261,30,339,-10,7,50,1,-1
1262,40,332,-10,7,45,1,-1
1263,50,325,-10,7,40,1,-1
1264,60,318,-10,7,35,1,1
1265,70,311,-10,7,40,1,1
1266,80,304,-10,7,45,1,1
1267,90,297,-10,7,50,1,1
1268,100,290,-10,7,55,1,1
1269,110,283,-10,7,60,1,1
1270,120,276,-10,7,65,1,1
1271,130,269,-10,7,70,1,1
1272,140,262,-10,7,75,3,1
1273,150,255,-10,7,80,3,1
1274,160,248,-10,7,85,3,1
1275,170,241,-10,7,90,3,1
1276,180,234,-10,7,95,3,1
1277,190,227,-5,7,100,3,1
1278,195,220,10,7,105,3,1
1279,185,213,10,7,110,3,1
1280,175,206,10,7,115,3,1
1281,165,199,10,7,120,3,1
1282,155,192,10,7,125,3,1
1283,145,185,10,7,130,3,1
1284,135,178,10,7,135,3,-1
1285,125,171,10,7,130,3,1
1286,115,164,10,7,135,3,-1
1287,105,157,10,7,130,3,1
1288,95,150,10,7,135,3,-1
1289,85,143,10,7,130,3,1
1290,75,136,10,7,135,3,-1
1291,65,129,10,7,130,3,1
1292,55,122,10,7,135,1,-1
1293,45,115,10,7,130,1,1
1294,35,108,10,7,135,1,-1
1295,25,101,10,7,130,0,1
1296,15,94,10,7,135,0,-1
1297,5,87,5,7,130,0,1
1298,0,80,-10,7,135,0,-1
1299,10,73,-10,7,130,0,-1
1300,20,66,-10,7,125,0,-1
1301,30,59,-10,7,120,0,-1
1302,40,52,-10,7,115,0,-1
1303,50,45,-10,7,110,0,-1
1304,60,38,-10,7,105,0,-1
1305,70,31,-10,7,100,0,-1
1306,80,24,-10,7,95,0,-1
1307,90,17,-10,7,90,0,-1
1308,100,10,-10,7,85,0,1
1309,110,3,-10,3,90,0,1
1310,120,0,-10,-7,95,0,1
1311,130,7,-10,-7,100,0,-1
1312,140,14,-10,-7,95,0,1
1313,150,21,-10,-7,100,0,-1
1314,160,28,-10,-7,95,0,1
1315,170,35,-10,-7,100,0,-1
1316,180,42,-10,-7,95,0,1
1317,190,49,-5,-7,100,0,-1
1318,195,56,10,-7,95,0,-1
1319,185,63,10,-7,90,0,1
1320,175,70,10,-7,95,0,1
1321,165,77,10,-7,100,0,1
1322,155,84,10,-7,105,0,1
1323,145,91,10,-7,110,0,1
1324,135,98,10,-7,115,0,1
1325,125,105,10,-7,120,0,-1
1326,115,112,10,-7,115,0,-1
1327,105,119,10,-7,110,0,-1
1328,95,126,10,-7,105,0,-1
1329,85,133,10,-7,100,0,-1
1330,75,140,10,-7,95,0,-1
1331,65,147,10,-7,90,0,-1
1332,55,154,10,-7,85,0,-1
1333,45,161,10,-7,80,0,-1
1334,35,168,10,-7,75,0,-1
1335,25,175,10,-7,70,0,-1
1336,15,182,10,-7,65,0,-1
1337,5,189,5,-7,60,0,-1
1338,0,196,-10,-7,55,0,-1
1339,10,203,-10,-7,50,0,1
1340,20,210,-10,-7,55,0,1
1341,30,217,-10,-7,60,0,1
1342,40,224,-10,-7,65,0,1
1343,50,231,-10,-7,70,2,1
1344,60,238,-10,-7,75,2,1
1345,70,245,-10,-7,80,2,1
1346,80,252,-10,-7,85,2,1
1347,90,259,-10,-7,90,2,1
1348,100,266,-10,-7,95,2,1
1349,110,273,-10,-7,100,2,-1
1350,120,280,-10,-7,95,2,1
1351,130,287,-10,-7,100,2,-1
1352,140,294,-10,-7,95,2,1
1353,150,301,-10,-7,100,2,-1
1354,160,308,-10,-7,95,2,1
1355,170,315,-10,-7,100,2,-1
1356,180,322,-10,-7,95,2,1
1357,190,329,-5,-7,100,2,-1
1358,195,336,10,-7,95,2,1
1359,185,343,10,-7,100,2,1
1360,175,350,10,-7,105,2,1
1361,165,357,10,-7,110,2,1
1362,155,364,10,-7,115,2,1
1363,145,371,10,-7,120,3,1
1364,135,378,10,-7,125,3,-1
1365,125,385,10,-7,120,3,-1
1366,115,392,10,-3,115,3,-1
1367,105,395,10,7,110,3,-1
1368,95,388,10,7,105,3,1
1369,85,381,10,7,110,3,1
1370,75,374,10,7,115,3,1
1371,65,367,10,7,120,1,1
1372,55,360,10,7,125,1,1
1373,45,353,10,7,130,1,1
1374,35,346,10,7,135,1,1
1375,25,339,10,7,140,1,1
1376,15,332,10,7,145,1,1
1377,5,325,5,7,150,1,1
1378,0,318,-10,7,155,1,-1
1379,10,311,-10,7,150,1,-1
1380,20,304,-10,7,145,1,-1
1381,30,297,-10,7,140,1,-1
1382,40,290,-10,7,135,1,-1
1383,50,283,-10,7,130,1,-1
1384,60,276,-10,7,125,1,-1
1385,70,269,-10,7,120,1,-1
1386,80,262,-10,7,115,1,-1
1387,90,255,-10,7,110,1,-1
1388,100,248,-10,7,105,1,-1
1389,110,241,-10,7,100,1,-1
1390,120,234,-10,7,95,1,1
1391,130,227,-10,7,100,1,1
1392,140,220,-10,7,105,1,1
1393,150,213,-10,7,110,1,1
1394,160,206,-10,7,115,1,1
1395,170,199,-10,7,120,1,1
1396,180,192,-10,7,125,1,1
1397,190,185,-5,7,130,1,1
1398,195,178,10,7,135,1,1
1399,185,171,10,7,140,3,1
1400,175,164,10,7,145,3,1
1401,165,157,10,7,150,3,1
1402,155,150,10,7,155,3,1
1403,145,143,10,7,160,3,1
1404,135,136,10,7,160,3,1
1405,125,129,10,7,160,3,1
1406,115,122,10,7,160,3,1
1407,105,115,10,7,160,0,1
1408,95,108,10,7,160,0,1
1409,85,101,10,1,160,0,1
